Sr. no. ,Song Title ,Movie,Year of release,Music director,Song type,Singer type,Singers
1,Aachal ke tuze,Door gagan ki Chhao mein,1964,Kishor Kumar,solo,Male,Kishor Kumar
2,AA Dekhe jara ,Rocky,1981,R D Barman,Duet,Male&Female,Kishor Kumar & Asha Bhosale
3,Aadmi jo kaheta Hai,Majboor,1974,lakshmikant Pyarelal,solo,Male,Kishor Kumar
4,Aai Khuda Har faisala tera Muze Manjur hai,Abdullah,1980,R D Barman,solo,Male,Kishor Kumar
5,Aaiye Shauk se Kahiye,Parvarish,1977,lakshmikant Pyarelal,Duet,Male&Female,Kishor Kumar & Asha Bhosale
6,Aaj ka ye din,Nastik,1983,kalyanji Anandji,solo,Male,Kishor Kumar
7,Aaj Madhosh Hua Jaye re,Sharmili,1971,S D barman,Duet,Male&Female,Kishor Kumar& Lata Mangeshkar
8,Aaj na chhodenge ,Kati patang,1970,R D Barman,Duet,Male&Female,Kishor Kumar& Lata Mangeshkar
9,Aaj Rapat jaye to hame na uthaiyo,Namak Halal,1982,Bappi Lahiri,Duet,Male&Female,Kishor Kumar & Asha Bhosale
10,Aake seedhi lagi dilpe jaise,Half Ticket,1962,Salil Chowdhary,solo,Male,Kishor Kumar
11,Aane wala pal jane wala hai,Golamal,1979,R D Barman,solo,Male,Kishor Kumar
12,Aankho Aankho me bat hone do,Aankho Aankho me ,1972,Shankar Jaikisan,Duet,Male&Female,Kishor Kumar & Asha Bhosale
13,Aapke kamare me koi,Yadon ki barat,1973,R D Barman,Duet,Male&Female,Kishor Kumar & Asha Bhosale& R D Barman
14,Aap ki Aankhon me kuch,ghar,1978,R D Barman,Duet,Male&Female,Kishor Kumar& Lata Mangeshkar
15,Aap yahan aaye kisliye,kal aaj aur kal,1971,Shankar Jaikisan,Duet,Male or Female,Kishor Kumar & Asha Bhosale
16,Aap ke anurodh pe mai ye git,Anurodh,1977,Lakshmikant Pyarelal,solo,male,Kishor Kumar
17,Aashiq hoon Baharon ka,Aashiq hoon Baharon ka,1977,lakshmikant Pyarelal,solo,male,Kishor Kumar
18,Aasaman ke neeche,Jewel Thief,1967,S D barman,Duet,Male&Female,Kishor Kumar& Lata Mangeshkar
19,Aate jate Khoob Surat Aawara,Anurodh,1977,lakshmikant Pyarelal,solo,male,Kishor Kumar
20,Aati rahengi baharen,kasme Wade,1978,R D Barman,Duet,Male&Female,Amit Kumar&Asha Bhosale&Kishor Kumar
21,Aaye tum Yad muze,Mili,1975,S D barman,solo,male,Kishor Kumar
22,Ab chahe maruthe ya baba,Dag,1973,lakshmikant Pyarelal,Duet,Male&Female,Kishor Kumar& Lata Mangeshkar
23,Abke sawan mein Jee dare,jaise ki taisa,1973,R D Barman,Duet,Male&Female,Kishor Kumar& Lata Mangeshkar
24,Achha to hum chalte hain,Aan Milo Sajana,1970,lakshmikant Pyarelal,Duet,Male&Female,Kishor Kumar& Lata Mangeshkar
25,Ae mera dil mat kar kisipe aitbaar,Albela,1971,Shankar Jaikisan,solo,male,Kishor Kumar
26,Agar saj chheda,Jawani Diwani,1972,R D Barman,Duet,Male&Female,Kishor Kumar & Asha Bhosale
27,Agar Tum na Hote,Agar Tum na Hote,1983,R D Barman,solo,male,Kishor Kumar
28,Choo kar mere Mann Ko ,yarana,1981,Rajesh Roshan,solo,male,Kishor Kumar
29,Aise na muze tum dekho,Darling Darling,1977,R D Barman,solo,male,Kishor Kumar
30,Ajanabi tum jane pahechane se lagate ho,Hum Sab Ustad Hai,1965,lakshmikant Pyarelal,solo,male,Kishor Kumar
31,Albela Mausam Kaheta hai Swagatam,Tohfa,1984,Bappi Lahiri,Duet,Male&Female,Kishor Kumar& Lata Mangeshkar
32,Allha megh de pani de,Palkonki chhav mein,1977,lakshmikant Pyarelal,Duet,Male&Female,Kishor Kumar & Asha Bhosale
33,Amar Akbar Anthony,Amar Akbar Anthony,1977,lakshmikant Pyarelal,Duet,Male&Female,Kishor Kumar& Mahendra Kapoor&Shailedra Singh
34,Amitabh nahi hoon,Chhota Admi,1986,"Mahesh, Naresh",solo,male,Kishor Kumar
35,Andheri raaton mein,shahenshah,1988,Utpal Biswas/Amar Biswas,solo,male,Kishor Kumar
36,Aakhon mein kya ji,Nau Do Gyarah,1957,S D barman,Duet,Male&Female,Kishor Kumar & Asha Bhosale
37,Apne Jivan Ki uljhan ko,Uljhan,1975,kalyanji Anandji,solo,male,Kishor Kumar
38,Apni to jaise Taise,lawaris,1981,kalyanji Anandji,solo,male,Kishor Kumar
39,Are Diwano Muze pahechano,Don,1978,kalyanji Anandji,solo,male,Kishor Kumar
40,Babu samjho Eshare,Chalti ka Nam Gadi,1958,S D barman,Duet,Male&Female,Kishor Kumar&Manna Dey
41,bachake rahana re baba,Pukar,1983,R D Barman,Duet,Male&Female,Kishor kumar&Asha Bhosale& R D barman
42,Bachana Ae Hasino lo main aa gaya,Hum Kisise kam nahi,1977,R D Barman,solo,male,Kishor Kumar
43,Bachapan har Gum se Begana Hota Hai,Geet Gaata Chal,1975,Ravindra Jain,solo,male,Kishor Kumar
44,Bheegi Bheegi raton mein,Ajanabee,1974,R D Barman,Duet,Male&Female,Kishor Kumar& Lata Mangeshkar
45,Bhole O Bhole,yarana,1981,Rajesh Roshan,solo,male,Kishor Kumar
46,Bam chike Chike Cham Chike Chike,Kahate hain Mujhako Raja,1975,R D Barman,solo,male,Kishor Kumar
47,Bani Rahe Jodi Raja Rani Ki ,Khoon Pasina,1977,kalyanji Anandji,solo,male,Kishor Kumar
48,Baraso Purana ye Yaarana,Hera Pheri,1976,kalyanji Anandji,solo,male,Kishor Kumar
49,Beqarare Dil Tu Gaye Ja,Door Ka Rahi,1971,Kishor Kumar,Duet,Male&Female,Kishor Kumar& Sulakshana Pandit
50,Bhanvare Ki Gunjan,kal aaj aur kal,1971,Shankar Jaikisan,solo,male,Kishor Kumar
51,Bap Ki kasam,Mawali,1983,Bappi Lahiri,Duet,Male& Female,Kishor Kumar&Asha Bhosale
52,Badi Sooni Sooni hai,Mili,1975,R D Barman,Solo,Male ,Kishor Kumar 
53,Bahoot Khoobsurat Jawan Ek Ladki,Dostana,1980,Laxmikant Pyarelal,Solo,male,Kishor Kumar 
54,Bahut Door Mujhe Chale Jaana Hai,Heera Panna,1973,R D Barman,Duet,Male& Female,Kishor Kumar& Lata Mangeshkar
55,Baith Ja Khadi Ho Ja,Amir Garib,1974,Laxmikant Pyarelal,Duet,Male& Female,Kishor Kumar& Lata Mangeshkar
56,Ban Gaya Buddha Sharabi,Aap Beati,1976,Laxmikant Pyarelal,Duet,Male,Kishor Kumar& Manna Dey
57,Band Mutthi Lakh Ki,Chalti Ka Nam Jindagi,1982,Kishor Kumar,Duet,Male,Kishor Kumar& Manna Dey& Rafi
58,Barah Baje Ki Suiyon Jaise,Jhoota Kahi Ka,1979,R D Barman,Duet,Male& Female,Kishor Kumar&Asha Bhosale
59,Bhaiya Re Bhaiya Re,Jaise Ko Taisa,1973,R D Barman,Duet,Male& Female,Kishor Kumar&Asha Bhosale
60,Bhali Bhali Si Ek Surat,Buddha Mil Gaya,1971,R D Barman,Duet,Male& Female,Kishor Kumar&Asha Bhosale
61,Bheegi Bheegi Aankhen,Ishk Ishk Ishk,1974,R D Barman,Duet,Male& Female,Kishor Kumar&Asha Bhosale
62,Bol Meri Gudiya,Bhai Ho to Aisa,1972,Sonik Omi,Duet,Male& Female,Kishor Kumar& Lata Mangeshkar
63,Bombai Shahar Ki,Piya Ka Ghar,1972,Laxmikant Pyarelal,Solo,Male ,Kishor Kumar 
64,Bye Bye Miss Good Night,Premnagar,1974,S D Barman,Solo,Male ,Kishor Kumar 
65,C A T Cat Mane Billi,Dilli Ka Thag,1958,Ravi,Duet,Male& Female,Kishor Kumar&Asha Bhosale
66,Chahe Koi Khush Ho,Taxi Driver,1954,S D Barman,Solo,Male,Kishor Kumar &  Corus
67,Chahe Raho Door Chahe Raho Paas,Do Chor,1972,R D Barman,Duet,Male& Female,Kishor Kumar& Lata Mangeshkar
68,Chahiye Thoda Pyaar,Lahuke Do Rang,1979,Bappi Lahiri,Solo,Male ,Kishor Kumar 
69,Chal Dariya Mein Doob Jayen,Prem Kahani,1975,Laxmikant Pyarelal,Duet,Male& Female,Kishor Kumar& Lata Mangeshkar
70,Chal Kahin Door Nikal Jaayein,Doosara Aadmi,1977,Rajesh Roshan,Duet,Male& Female,Kishor Kumar& Lata Mangeshkar&Rafi
71,Chal Shuru Ho Ja,Hamjoli,1970,Laxmikant Pyarelal,Duet,Male,Kishor Kumar& Rafi
72,Chala Jata Hoon,Mere Jivan Sathi,1972,R D Barman,Solo,Male ,Kishor Kumar 
73,Chali Re Chali Gori,Mr. X In Bombay,1964,Laxmikant Pyarelal,Duet,Male& Female,Kishor Kumar& Lata Mangeshkar
74,Chalte Chalte,Chalte Chalte,1976,Bappi Lahiri,Solo,Male ,Kishor Kumar 
75,Chalti Ka Naam Zindagi ,Chalti Ka Naam Zindagi ,1982,Kishor Kumar,Duet,Male,Kishor Kumar& Mahedra kapur
76,Chand Chra Ke Laya Hoon,Devata ,1978,R D Barman,Duet,Male& Female,Kishor Kumar& Lata Mangeshkar
77,Chand Chal Tu Zara Dheeme,Who Jo Haseena,1983,Ramlaxamna,Solo,Male ,Kishor Kumar 
78,Chand Raat Tum Ho,Half Ticket,1962,Salil Chaudhari,Duet,Male& Female,Kishor Kumar& Lata Mangeshkar
79,Chand Roz Aur Meri Jaan,Sitamgar,1985,R D Barman,Solo,Male ,Kishor Kumar 
80,Chanda O Chanda ,Lakhon Mein Ek,1971,R D Barman,Duet,Male& Female,Kishor Kumar
81,Chandni Chand Se Hoti Hai,Aaj Ka Mahatma,1976,Laxmikant Pyarelal,Duet,Male& Female,Kishor Kumar&Asha Bhosale
82,Chandni Raat Mein,Dil-E-Nadaan,1981,Mohammad Zahur Khayyam,Duet,Male& Female,Kishor Kumar& Lata Mangeshkar
83,Chandni Raat Yeh Sanam,Quidi,1984,Bappi Lahiri,Duet,Male& Female,Kishor Kumar&Asha Bhosale
84,Chandni Tu Hai Kahan,Faasale,1985,Shiv Hari,Duet,Male& Female,Kishor Kumar& Lata Mangeshkar
85,Chapper Phad Ke Deta,Funtoosh,1956,S D Barman,Duet,Male& Female,Kishor Kumar&Asha Bhosale
86,Charu Chandra Ki Chanchal Chitwan,Man Pasand,1980,Rajesh Roshan,Duet,Male& Female,Kishor Kumar& Lata Mangeshkar
87,Come Near,Do Gulab,1983,Bappi Lahiri,Duet,Male& Female,Kishor Kumar&Asha Bhosale
88,Chhai Ghata Bijli Kadki,Apana Haath Jagannath,1960,S D Barman,Duet,Male& Female,Kishor Kumar&Asha Bhosale
89,Chhalkao Jhoomke Paimana,Fir Wahi Rat,1980,R D Barman,Solo,Male ,Kishor Kumar 
90,Chhatri Na Khol Ud Jayegi,Do Jhoot,1975,Shankar Jaikishan,Duet,Male& Female,Kishor Kumar& Usha Mangeshkar
91,Chhedo Na Meri Zulfen,Ganga Ki Laharen,1964,Chandragupt,Duet,Male& Female,Kishor Kumar& Lata Mangeshkar
92,Dil Aaj Shayar Hai,Gambler,1971,S D Barman,Solo,Male,Kishor Kumar 
93,Chhod Do Aanchal Zamana,Paying Gueat,1957,S D Barman,Duet,Male& Female,Kishor Kumar&Asha Bhosale
94,Chhodo Sanam,Kudrat,1981,R D Barman,Duet,Male& Female,Kishor Kumar& Annette Pinto
95,Chhoti Si Yeh Duniya ,Rangoli,1961,Shankar Jaikishan,Solo,Male ,Kishor Kumar 
96,Chhoti Umar Me,Aakraman,1975,Laxmikant Pyarelal,Solo,Male ,Kishor Kumar 
97,Chidiya Choon Choon Karti Hai,Jyoti,1981,Bappi Lahiri,Solo,Male ,Kishor Kumar 
98,Chil Chil Chilla Ke,Half Ticket,1962,Salil Chaudhari,Solo,Male ,Kishor Kumar 
99,Chingari Koi Bhadke,Amar Prem,1971,R D Barman,Solo,Male ,Kishor Kumar 
100,Choodi Nahin Ye Mera Dil,Gambler,1971,S D Barman,Duet,Male& Female,Kishor Kumar& Lata Mangeshkar
101,Chookar Mere Mann Ko,Yaarana,1981,Rajesh Roshan,Solo,Male ,Kishor Kumar 
102,Dil Kya Chahe,Sanjog,1985,R D Barman,Duet,Male& Female,Kishor Kumar&Asha Bhosale
103,Chor Tera Naam Hai,Jigar,1984,R D Barman,Duet,Male& Female,Kishor Kumar& Lata Mangeshkar
104,Chori Chori Chupke Chupke,Bullet,1976,R D Barman,Duet,Male& Female,Kishor Kumar&Asha Bhosale
105,Chori Chori Yoon Jab,Papki Duniya,1988,Bappi Lahiri,Solo,Male ,Kishor Kumar 
106,Chori Mera Kaam,Chori Mera Kaam,1975,Kalyanji Anandji,Duet,Male& Female,Kishor Kumar&Asha Bhosale
107,Chot Lagi Kahan Yahaan,Ghar Sansar,1986,Rajesh Roshan,Duet,Male& Female,Kishor Kumar&Asha Bhosale
108,College Girl I Love You,College Girl,1978,Bappi Lahiri,Solo,Male ,Kishor Kumar 
109,Chupke Se Dil Dede,Maryada,1971,Kalyanji Anandji,Duet,Male& Female,Kishor Kumar& Lata Mangeshkar
110,Daakiyaa Daak Layaa,Palkon Ki Chhaon Mein,1977,Laxmikant Pyarelal,Duet,Male& Female,Kishor Kumar&Vandana Shastri
111,Daal Kaise Gale,Baap Re Baap,1955,O P Nayyar,Solo,Male ,Kishor Kumar 
112,Daal Roti Khao Prabhu Ke Gun Gaao,Jawar Bhata,1973,Laxmikant Pyarelal,Duet,Male& Female,Kishor Kumar& Lata Mangeshkar
113,Dil Sachaa Aur Chehra Jhutha,Sachaa Jhoota,1970,Kalyanji Anandji,Solo,Male,Kishor Kumar 
114,Dariya Kinare Ek Bungla,Sabase bada Rupaiya,1976,Basu Manohari,Duet,Male& Female,Kishor Kumar& Lata Mangeshkar
115,Dariya Mein Jahaz Chale,Shan,1980,R D Barman,Duet,Male& Female,Kishor Kumar&Asha Bhosale&Usha Mangeshkar
116,Dariya Mein Phenk Do Chabi,Aas Paas,1980,Laxmikant Pyarelal,Duet,Male& Female,Kishor Kumar& Lata Mangeshkar
117,Daru Kharab,Guru,1989,Bappi Lahiri,Solo,Male ,Kishor Kumar 
118,Daru Ki Botol Mein,Majboor,1974,Laxmikant Pyarelal,Solo,Male ,Kishor Kumar 
119,De Bhi Chuke Hum Dil Nazrana,Jaal,1952,S D Barman,Duet,Male& Female,Kishor Kumar& Geeta Dutt
120,De Daru,Karma,1986,Laxmikant Pyarelal,Duet,Male,Kishor Kumar&Mahendra Kapur& Manahar Udhas
121,De De Pyaar De ,Sharabi,1984,Bappi Lahiri,Solo,Male ,Kishor Kumar 
122,Deep Diwali Ke Jhuthe,Jugnu,1973,S D Barman,Duet,Male& Female,Kishor Kumar& Sushma Shresth&Poornima
123,Deewana Kar Ke Chhodoge,Mere Jivan Sathi,1972,R D Barman,Duet,Male& Female,Kishor Kumar& Lata Mangeshkar
124,Deewana Leke Aaya Hai,Mere Jivan Sathi,1972,R D Barman,Solo,Male ,Kishor Kumar 
125,Dekh Aasman Mein,Shararat,1959,Shankar Jaikishan,Duet,Male& Female,Kishor Kumar& Geeta Dutt
126,Dekh Sakta Hoon -,Majboor,1974,Laxmikant Pyarelal,Solo,Male ,Kishor Kumar 
127,Dekha Ek Khwab,Silsila,1981,Shiv Hari,Duet,Male& Female,Kishor Kumar& Lata Mangeshkar
128,Dekha Hai Tumhe,Chorni,1982,Shankar Jaikishan,Solo,Male ,Kishor Kumar 
129,Dekha Hai Zindagi Ko,ek Mahal Ho Sapanon Ka,1975,Ravi,Solo,Male ,Kishor Kumar 
130,Dekha Na Haye Re,Bombay To Goa,1972,R D Barman,Solo,Male ,Kishor Kumar 
131,Dekhe Tujhe Jo Dekhe,Dial 100,1982,Bappi Lahiri,Solo,Male ,Kishor Kumar 
132,Dekho Dekhoji,Naujawan,1951,S D Barman,Duet,Male& Female,Kishor Kumar& Lata Mangeshkar
133,Dekho Hum Donon Ki Yari,Double Cross,1973,R D Barman,Duet,Male,Kishor Kumar& Bhupindar Singh
134,Dekho Idhar Dekho,Phir Wahi Raat,1980,R D Barman,Duet,Male& Female,Kishor Kumar& Aasha Bhosale& Sushma Shresth&Poornima
135,Dekho Idhar Janabe Man,Jabardast,1985,R D Barman,Solo,Male ,Kishor Kumar 
136,Dekho Idhar Jano Jigar,Boxer,1984,R D Barman,Solo,Male ,Kishor Kumar 
137,Dekho Mera Janaja Nikla,Mar Mitenge,1988,Laxmikant Pyarelal,Duet,Male& Female,Kishor Kumar& Anuradha Paudwal
138,Dekho O Diwano,Hare Ram Hare Krishna,1971,R D Barman,Solo,Male ,Kishor Kumar 
139,Dil Se Dil Milne Ka,Chartraheen,1974,R D Barman,Duet,Male& Female,Kishor Kumar& Lata Mangeshkar
140,Dekho Veer Jawano,Aakraman,1975,Laxmikant Pyarelal,Solo,Male ,Kishor Kumar 
141,Dekho Yeh Mere Bandhe Haath,Bandhe Haath,1973,R D Barman,Solo,Male ,Kishor Kumar 
142,Dekhta Hoon Koi Ladki Haseen,Sanam Teri Kasam,1982,R D Barman,Solo,Male,Kishor Kumar 
143,Des Chhudaye Bhes Chhudaye,Chacha Zindabad,1959,Madan Mohan,Solo,Male,Kishor Kumar 
144,Deva Ho Deva,Ilaaka,1989,Nadim Shravan,Duet,Male& Female,Kishor Kumar&Asha Bhosale
145,Devi O Baby Tu Banja,Maqsad,1984,Kalyanji Anandji,Solo,Male,Kishor Kumar 
146,Devta Mana Aur Pooja,Albela,1971,Shankar Jaikishan,Duet,Male& Female,Kishor Kumar& Lata Mangeshkar
147,Dhal Gayi Rang Mein Teri,Hiralal Pannalal,1978,R D Barman,Duet,Male& Female,Kishor Kumar&Asha Bhosale
148,Dheere Dheere Naach,Bhola Bhala,1978,R D Barman,Solo,Male,Kishor Kumar 
149,Dhoondha Tujhe Lakhon Me,Putalibai,1971,Jai Kumar,Solo,Male,Kishor Kumar 
150,Dhoop Mein Nikla Na Karo,Giraftar,1985,Bappi Lahiri,Duet,Male& Female,Kishor Kumar&Asha Bhosale
151,Dil Se Mile Dil,Dil Se Mile Dil,1978,Bappi Lahiri,Solo,Male,Kishor Kumar
152,Dil Tera Hai Main Bhi Teri Hoon,Bombay To Goa,1972,R D Burman,Duet,Male& Female,Kishor Kumar& Lata Mangeshkar
153,Dilbar Mere Kab Tak Muze,Satte Pe Satta,1982,R D Burman,Duet,Male& Female,Kishor Kumar& Annette Pinto
154,Dillagi Ne Di Hawa,Dostana,1980,laxmikant Pyarelal,Duet,Male& Female,Kishor Kumar&Asha Bhosale
155,Dilwale Aaye Hai,Fifty Fifty,1981,laxmikant Pyarelal,Solo,Male,Kishor Kumar
156,Din Jawani Ke Char Yar,Pyar Kiya Ja,1966,laxmikant Pyarelal,Solo,Male,Kishor Kumar
157,Din Mahine Sal,Avtaar,1983,lakshmikant Pyarelal,Duet,Male& Female,Kishor Kumar& Lata Mangeshkar
158,Disco 82,Khuddar,1982,Rajesh Roshan,Duet,Male& Female,Kishor Kumar& Lata Mangeshkar
159,Diwana Main Hoon Tera,Ruksat,1988,Kalyanji Aanandji,Solo,Male,Kishor Kumar
160,Diye Jalte Hai,Namak Haram,1973,R D Burman,Solo,Male,Kishor Kumar
161,Do Panchhi  Do Tinke,Tapasya,1975,Ravindra Jain,Duet,Male& Female,Kishor Kumar& Aarti Mukharji
162,Duriyaa Nazdikiyan ban Gayi,Duriya,1968,Shankar Jaykishan,Duet,Male& Female,Kishor Kumar&Asha Bhosale
163,Dosaton Ko Salam,Rocky,1981,R D Burman,Solo,Male,Kishor Kumar
164,Dream Girl,Dream Girl,1977,laxmikant Pyarelal,Solo,Male,Kishor Kumar
165,Dukhi Man Mere,Funtoosh,1956,S D Burman,Solo,Male,Kishor Kumar
166,Dukki Pe Dukki Ho,Satte Pe Satta,1972,R D Burman,Duet,Male& Female,Kishor Kumar&Asha Bhosale& R D Burman
167,Do Baate Pyar Bhari Kar Loon,Aankhon Aankhon Mein ,1982,Shankar Jaykishan,Duet,Male& Female,Kishor Kumar&Asha Bhosale
168,Dulha Dulhan Ki Jodi,Nastik,1983,Kalyanji Aanandji,Solo,Male,Kishor Kumar
169,Duniya Bahut Hi Kamal hai,Duniya ,1984,R D Burman,Solo,Male,Kishor Kumar
170,Dum Tumhari Dum,Zaharila Insaan,1974,R D Burman,Solo,Male,Kishor Kumar
171,Duniya Dushman,Dilwala,1986,Bappi Lahiri,Solo,Male,Kishor Kumar
172,Duniya Faani Baheta Paani,Chalaak,1972,Ganesh,Duet,Male& Female,Kishor Kumar&Asha Bhosale
173,Duniya Muzase Kahati hai,Kahani Kismat Ki,1973,Kalyanji Aanandji,Solo,Male,Kishor Kumar
174,Duniyane Muze Tadapaya,Vishawanath,1978,Rajesh Roshan,Duet,Male& Female,Kishor Kumar& Lata Mangeshkar
175,Duniya O Duniya Tera,Naya Jamana,1971,S D Burman,Solo,Male,Kishor Kumar
176,Ee Hai bambai Nagariya,Don,1978,Kalyanji Aanandji,Solo,Male,Kishor Kumar
177,Eena Meena Dika,Aasha,1957,C Ramchandra,Solo,Male,Kishor Kumar
178,Ek Aankh Maru Toh,Tohafa,1984,Bappi Lahiri,Duet,Male& Female,Kishor Kumar&Asha Bhosale
179,Ek Ajanabee Hasina Se ,Ajanabee,1974,R D Burman,Solo,Male,Kishor Kumar
180,Ek Baar Muskura do,Ek Baar Muskura do,1972,O P Nayyar,Duet,Male& Female,Kishor Kumar&Asha Bhosale
181,Ek Chatur Naar Karake Singar,Padosan,1968,R D Burman,Duet,Male,Kishor Kumar&Manna Dey& Mahamood
182,Ek Chhokariya,Heera,1973,Kalyanji Aanandji,Duet,Male& Female,Kishor Kumar& Ashabhosale& Mulkri&usha Khanna
183,Ek Dhoondho Milte Hai Hajaron,Pyara Dushman,1980,Bappi Lahiri,Duet,Male& Female,Kishor Kumar&Asha Bhosale
184,Ek Din Bik Jayega,Dharam Karam,1975,R D Burman,Duet,Male& Female,Kishor Kumar&Mukesh& Sushma Shresthi& Poornima
185,Ek Din Sapaneme Dekha Sapanaa,Golmal,1979,R D Burman,Duet,Male,Kishor Kumar&Amit Kumar
186,Ek Ek Do Do,Mavali,1983,Bappi Lahiri,Duet,Male& Female,Kishor Kumar&Asha Bhosale
187,Ek Ek Ho Jaye Phir Ghar Chale jana,Ganga Jamana Saraswati,1988,Annu Malik,Duet,Male,Kishor Kumar& Pankaj Udhas
188,Ek haseena Thi,Karj,1980,laxmikant Pyarelal,Duet,Male& Female,Kishor Kumar&Asha Bhosale& Rishi Kapur
189,Ek Ladki Bhigi Bhagi si,Chalti Ka Nam gadi,1958,S D Burman,Solo,Male,Kishor Kumar
190,Ek Main Aur Ek Tu,Khe khel Mein,1975,R D Burman,Duet,Male& Female,Kishor Kumar&Asha Bhosale
191,Ek Mutthi Aasaman,Ek Mutthi Aasaman,1973,Madan Mohan,Solo,Male,Kishor Kumar
192,Ek Nahin Do Nahin,Biwi O Biwi,1981,R D Burman,Duet,Male& Female,Kishor Kumar& Lata Mangeshkar
193,Pyar ko Chahiye kya Ek najar,Ek Najar,1972,S D Burman,Solo,Male,Kishor Kumar
194,Ek Paheli Hai Tu,Heera Panna,1973,R D Burman,Duet,Male& Female,Kishor Kumar&Asha Bhosale
195,Ek  Rasta Do Rahi,Ram Balram,1980,laxmikant Pyarelal,Duet,Male,Kishor Kumar& Mahammad Rafi
196,Ek Rutu Aaye Ek Rutu Jaye,Gautam Govinda,1979,laxmikant Pyarelal,Solo,Male,Kishor Kumar
197,Ek Roj main Tadapkar,Bemisal,1982,R D Burman,Solo,Male,Kishor Kumar
198,Ek Sawal hai,Bhut Bungala,1965,R D Burman,Solo,Male,Kishor Kumar
199,Ga Ga Ga Gayeja,Professor Pyarelal,1981,Kalyanji Aanandji,Solo,Male,Kishor Kumar
200,Gadi Bula Rahi Hai,Dost ,1974,laxmikant Pyarelal,Solo,Male,Kishor Kumar
201,Gata Rahe Mera dil,Guide,1965,S D Burman,Duet,Male& Female,Kishor Kumar& Lata Mangeshkar
202,Gali gali shor,Aar Par,1985,R D Burman,Solo,Male,Kishor Kumar
203,Galiyon Galiyon,Swami Dada,1982,R D Burman,Duet,Male&Female,Kishor Kumar& Lata Mangeshkar
204,Gana Na Aaya,Miss Mary,1957,Hemant Kumar,Solo,Male,Kishor Kumar
205,Ganga Ghat ka Pani Piya Hai,Ponga Pandit,1975,laxmikant Pyarelal,Solo,Male,Kishor Kumar
206,Gao Senorita Geet Pyar Ke,Nikamma,1983,R D Burman,Duet,Male&Female,Kishor Kumar& Asha Bhosale& Mahahmad Rafi
207,Gaon Galiyon Fulo Kaliyon,Bezubaan,1982,Ramlaxaman,Duet,Male&Female,Kishor Kumar& Asha Bhosale 
208,Gaon Mein Mach Gaya Shor,Dakait,1987,R D Burman,Duet,Male&Female,Kishor Kumar& Asha Bhosale & Suresh Wadkar
209,Gayi Kam Se Gayi ye Ladki,Anjane Mein,1978,Kalyanji Aanandji,Solo,Male,Kishor Kumar
210,Ge Ge Geli Zara Timbaktu Kathamandu,Jhomroo,1961,Kishor Kumar,Solo,Male,Kishor Kumar
211,Geet Gata Hoon Main,Lal Patthar,1971,Shankar Jaykishan,Solo,Male,Kishor Kumar
212,Ghere Halke Halke Ghere,Duniya ,1984,R D Burman,Duet,Male&Female,Kishor Kumar& Lata Mangeshkar
213,Gham Ka Phasana,Manchali,1973,laxmikant Pyarelal,Duet,Male&Female,Kishor Kumar &Leena Chandavarkar
214,Gharse Chali Thi Main,Ghazab,1982,laxmikant Pyarelal,Duet,Male&Female,Kishor Kumar& Lata Mangeshkar
215,Ghungaroo ki Tarah Bajata Hi Raha ,Chor Machaye Shor,1974,Ravindra Jain,Solo,Male,Kishor Kumar
216,Gir Gaya Zumka Girne Do,Jugnu,1973,S D Burman,Duet,Male&Female,Kishor Kumar& Lata Mangeshkar
217,Gokul Ki Galiyonka Gwala,Raste Pyar Ke,1982,laxmikant Pyarelal,Duet,Male&Female,Kishor Kumar& Asha Bhosale & Usha Mangeshkar
218,Goli Andar Dam Bahar,Pyar Mohabbat,1988,laxmikant Pyarelal,Duet,Male,Kishor Kumar&Laxmikant&Mahamad Ali Mahamood
219,Goom Hai Kisike Pyar mein,Rampur Ka Lakshman,1972,R D Burman,Duet,Male&Female,Kishor Kumar& Lata Mangeshkar
220,Hum The Who Thi,Chalti Ka Naam Gaadi ,1958,S D Burman,Solo,Male,Kishor Kumar
221,Gore Rang Pe Na Itana,Roti,1974,laxmikant Pyarelal,Duet,Male&Female,Kishor Kumar& Lata Mangeshkar
222,Gori Gori Gaon Ki Gori Re,Ye Gulistan Hamara,1972,S D Burman,Duet,Male&Female,Kishor Kumar& Lata Mangeshkar
223,Gori Ho Kali Ho,Biwi O Biwi,1981,R D Burman,Solo,Male,Kishor Kumar
224,Gori Tere Ang Ang Mein,Tohafa,1984,Bappi Lahiri,Duet,Male&Female,Kishor Kumar& Asha Bhosale 
225,Gori Teri Javani Pe,Kalakar,1983,Kalyanji Aanandji,Solo,Male,Kishor Kumar
226,Goriya Hamen Jeena Teri Gali Mein,Pyara Dushman,1980,Bappi Lahiri,Duet,Male&Female,Kishor Kumar& Asha Bhosale 
227,Gulmoharr Gar Tumhara Nam Hota,Devata,1978,R D Burman,Duet,Male&Female,Kishor Kumar& Lata Mangeshkar
228,Gumsum Si Khoi Khoi,Badalte Rishte,1978,laxmikant Pyarelal,Duet,Male&Female,Kishor Kumar& Anuradha Paudwal
229,Guni Jano Bhakt Jano,Aasoon Aur Muskan,1970,Kalyanji Aanandji,Solo,Male,Kishor Kumar
230,Gussa Chhodh Di Na Tod,Maqsad,1984,Bappi Lahiri,Solo,Male,Kishor Kumar
231,Gussa Itana Haseen Hai To,Maryada,1971,Kalyanji Aanandji,Solo,Male,Kishor Kumar
232,Ha Paheli Bar Ek Ladki Mera,Aur Kaun,1979,Bappi Lahiri,Solo,Male,Kishor Kumar
233,Hal Chal Thik Thak Hai,Mere Apne,1971,Salil Chaudhari,Duet,Male,Kishor Kumar& Mukesh
234,Hal Kaisa Hai Janab ka,Chalti Ka Nam gadi,1958,S D Burman,Duet,Male&Female,Kishor Kumar& Asha Bhosale 
235,Hal Kya Hai Dilon Ka,Anokhi Ada,1973,laxmikant Pyarelal,Solo,Male,Kishor Kumar
236,Hal Tujhe Apni Duniya Ka,Aasha ,1957,C Ramchandra,Solo,Male,Kishor Kumar
237,Haay Kya Soch Rahi Ho,Meri Aawaj Suno,1981,laxmikant Pyarelal,Duet,Male&Female,Kishor Kumar& Asha Bhosale 
238,Halke Se Kasak Masak,Amar Deep,1979,laxmikant Pyarelal,Duet,Male&Female,Kishor Kumar& Lata Mangeshkar
239,Ham Lafange Hai,Lafange,1975,laxmikant Pyarelal,Solo,Male,Kishor Kumar
240,Hamara Nam Banarasi Babu,Banarasi Babu,1973,laxmikant Pyarelal,Solo,Male,Kishor Kumar
241,Hamare Sang Sang Chale Ganga Ki Lahare,Ganga Ki Lahare,1964,Chitragupt,Duet,Male&Female,Kishor Kumar& Lata Mangeshkar
242,Hum to aap ke divane hai,Aap Ke Diwane,1979,Rajesh Roshan,Duet,male,Kishor Kumar& Amit Kumar
243,Hum to Muhobbat Karega,Dilli Ka Thag,1958,Ravi ,Solo,Male,Kishor Kumar
244,Hamrahi Manjil Ke Aao Chale,Anokha Daan,1972,Salil Chaudhari,Solo,Male,Kishor Kumar
245,Hans Ke Pukar,parachhaiyan,1972,R D Burman,Duet,Male&Female,Kishor Kumar& Lata Mangeshkar
246,Hasten Jana Tum,Do Quidi,1989,laxmikant Pyarelal,Solo,Male,Kishor Kumar
247,Har Chori rani Hiya,Mahan ,1983,R D Burman,Solo,Male,Kishor Kumar
248,Har Haseen Cheez Ka,Saudagar,1973,Ravindra Jain,Solo,Male,Kishor Kumar
249,Har Koi Chahata Hai,EkMutthi Aasaman,1973,Madan Mohan,Solo,Male,Kishor Kumar
250,hasino ki ye Shaam hai,Aan Aur Shaan,1984,R D Burman,Duet,Male &Chorus,Kishor Kumar
251,Hasarat Hi Rahi Hamse Bhi Kabhi,Bombay Ka Chor,1962,Ravi ,Solo,Male,Kishor Kumar
252,Hat Ja Babu Nahi to Uda dunga,Khud-Daar,1982,Rajesh Roshan,Solo,Male,Kishor Kumar
253,Hum Tumse Mile ,Rocky,1981,R D Burman,Duet,Male&Female,Kishor Kumar& Lata Mangeshkar
254,Hawa Pichhale Pahar,Naya Andaj,1956,O P Nayyar,Solo,Male,Kishor Kumar
255,Hawaaon Pe Likh Do,Do Duni Char,1968,Hemant Kumar,Solo,Male,Kishor Kumar
256,Hay Hay Yeh Nigahen,Paying Gust,1957,S D Burman,Solo,Male,Kishor Kumar
257,Hay Re Hay Re Ye Dil Mera,Bada Kabutar,1973,R D Burman,Duet,Male&Female,Kishor Kumar& Asha Bhosale 
258,Haye Rama Haye Rama,Majaal,1987,Bappi Lahiri,Duet,Male&Female,Kishor Kumar& Asha Bhosale 
259,Haye Re Haye tera Ghungta,Dhongee,1979,R D Burman,Duet,Male&Female,Kishor Kumar& Asha Bhosale 
260,Hazaar Rahen MudKe Dekhin,Thodisi Bewafai,1980,Khayyam,Duet,Male&Female,Kishor Kumar& Lata Mangeshkar
261,He Gori Banke Chhori,Badhati Ka Nam Dadhi,1974,Kishor Kumar,Solo,Male,Kishor Kumar
262,He Jhoome re Jhoome Dil Mera,Jhoomroo,1961,Kishor Kumar,Duet,Male&Female,Kishor Kumar& Asha Bhosale 
263,He re Kanhaiya,Chhoti bahu,1971,Kalyanji Aanandji,Solo,Male,Kishor Kumar
264,He Suno Meri  Baat,Yeh Gulistan Hamara,1972,S D Burman,Solo,Male,Kishor Kumar
265,Hello Darling,Darling Darling,1977,R D Burman,Duet,Male&Female,Kishor Kumar& Asha Bhosale 
266,Hello Hello Ji Kaho Kya Hai Ji,Bombay Ka Chor,1962,Ravi ,Duet,Male&Female,Kishor Kumar& Asha Bhosale 
267,Hey Babu Yeh hai Jamana,Bhagam Bhag,1952,O P Nayyar,Duet,Male,Kishor Kumar& Mahammad Rafi
268,Hey Chor Ko Pakado,Dilwala,1986,Bappi Lahiri,Duet,Male&Female,Kishor Kumar& Asha Bhosale 
269,Hey Devdas Nahin Nahin Main Chandanidas ,Mera Yar Mera Dushman,1987,Bappi Lahiri,Solo,Male,Kishor Kumar
270,Hey Maine Kasam Li,Tere Mere Sapane,1971,S D Burman,Duet,Male&Female,Kishor Kumar& Lata Mangeshkar
271,Hindu Hoon main Na Musalman,Maha Chor,1976,R D Burman,Solo,Male,Kishor Kumar
272,Hum The Who Thi,Chalti Ka Nam gadi,1958,S D Burman,Solo,Male,Kishor Kumar
273,Ho Gyrah Honge Sare,Savera,1972,R D Burman,Duet,Male&Female,Kishor Kumar& Lata Mangeshkar
274,Ho jata Hai Pyar ,kasauti,1974,Kalyanji Aanandji,Duet,Male&Female,Kishor Kumar& Lata Mangeshkar
275,Ho jaye phir Us din Ka jo Wada,Dhan Daulat,1980,R D Burman,Duet,Male&Female,Kishor Kumar& Asha Bhosale 
276,Ho Maine Dil Diya,Zameen Aasaman,1984,R D Burman,Duet,Male&Female,Kishor Kumar& Lata Mangeshkar
277,Ho Paradesiya,Mr.Natawarlal,1979,Rajesh Roshan,Duet,Male&Female,Kishor Kumar& Lata Mangeshkar
278,Hoga Thanedar Too,Shahenshah,1988,"Utpal Biswas, Amar Biswas",Duet,Male&Female,Kishor Kumar& Lata Mangeshkar
279,Holi Ayee re,Mashaal ,1984,Hridaynath mangeshkar,Duet,Male&Female,Kishor Kumar& Lata Mangeshkar& Mahedra kapur
280,Holi Ke din,Sholay,1975,R D Burman,Duet,Male&Female,Kishor Kumar& Lata Mangeshkar
281,Hua Kya Agar Tu Zara Bevafa,Dream Girl,1977,laxmikant Pyarelal,Duet,Male&Female,Kishor Kumar& Hema Malini
282,Hum Aur Tum the Sathi,Hamara Tumhara,1979,R D Burman,Solo,Male,Kishor Kumar
283,Hum Aur Tum Tum Aur Hum,Daag,1973,laxmikant Pyarelal,Duet,Male&Female,Kishor Kumar& Lata Mangeshkar
284,Hum Banjaron Ki Baat Mat Puchho Ji,Dharam Veer,1977,laxmikant Pyarelal,Duet,Male&Female,Kishor Kumar& Lata Mangeshkar
285,Hum Bechare Pyar Ke Mare,Rangoli,1961,Shankar Jaykishan,Solo,Male,Kishor Kumar
286,Hum Bewafa hargij Na The,Shalimar,1978,R D Burman,Solo,Male,Kishor Kumar
287,Hum Bhi yahan Tum Bhi Yahan,Taaqat,1982,laxmikant Pyarelal,Duet,Male&Female,Kishor Kumar& Anuradha Paudwal& Hemlata
288,Hum Bolega to Bologe ke bolata Hai,kasauti,1974,Kalyanji Aanandji,Solo,Male,Kishor Kumar
289,Hum Chup hai,Faasale,1985,Shiv Hari,Duet,Male&Female,Kishor Kumar& Lata Mangeshkar
290,Hum Dono Do Premi,Ajanabee,1974,R D Burman,Duet,Male&Female,Kishor Kumar& Lata Mangeshkar
291,Hum Dono Mein,Khatron ke Khiladi,1988,laxmikant Pyarelal,Duet,Male&Female,kishor Kumar& Alka Yagnik
292,Hum hai  Rahi Pyar Ke,Nau Do Gyarah,1957,S D Burman,Solo,Male,Kishor Kumar
293,Hum jab Honge Saath Sal ke,Kal Aaj Aur Kal,1971,Shankar Jaykishan,Duet,Male&Female,Kishor Kumar& Asha Bhosale 
294,Hum Kitane Nadan The Yaron,Sitamgar,1985,R D Burman,Solo,Male,Kishor Kumar
295,Hum Ko Mohabbat Ho Gyee hai,Hath Ki Safai,1974,Kalyanji Aanandji,Duet,Male&Female,Kishor Kumar& Lata Mangeshkar
296,Hum Ko Nikaloge Ghar se,Chaila Babu,1977,laxmikant Pyarelal,Duet,Male&Female,Kishor Kumar& Asha Bhosale 
297,Hum Kya Hai,Anand Aur Anand ,1984,R D Burman,Duet,Male&Female,kishor Kumar& Pinaz Masani
298,Hum Matawale Naujawan,Shararat,1959,Shankar Jaykishan,Solo,Male,Kishor Kumar
299,Hum Nahin Jhoomte hai,jani Dost,1983,Bappi Lahiri,Duet,Male&Female,Kishor Kumar& Asha Bhosale 
300,Hum PremiPrem karana jane,Paravarish,1977,laxmikant Pyarelal,Duet,male,Kishor Kumar& Mahammad Rafi& Shailendra Singh
